,address,brewery_name,rb_links,type,year_opened,geometry
0,"80 Earhart Drive, Williamsville, New York, USA  14221", 12 Gates Brewing Company,/brewers/12-gates-brewing-company/24769/,Commercial Brewery,2015,POINT (-78.7147172 42.9544181)
1,"1337 Lincoln Avenue Unit #1 , Holbrook, New York, USA  11741", 1940s Brewing Company,/brewers/1940s-brewing-company/30364/,Microbrewery,2017,POINT (-73.08328999999999 40.78332899999999)
2,"18 West Main Street, Beacon, New York, USA  12508", 2 Way Brewing Company,/brewers/2-way-brewing-company/21507/,Brewpub/Brewery,2014,POINT (-73.9810105 41.50836750000001)
3,"902 Broadway, 6th Floor, New York, New York, USA  10010", 212 Brewing Company,/brewers/212-brewing-company/22783/,Microbrewery,2009,POINT (-73.989285 40.7393898)
4,"25 Pine Street, East Aurora, New York, USA  14052", 42 North Brewing,/brewers/42-north-brewing/25072/,Brewpub/Brewery,2015,POINT (-78.6078936 42.7686596)
5,"2994 Merritt Hill Road, Penn Yann, New York, USA  14527", Abandon Brewing Company,/brewers/abandon-brewing-company/18337/,Microbrewery,2013,POINT (-77.10491499999999 42.631829)
6,"33 Canada Street, Lake George, New York, USA  12845", Adirondack Pub and Brewery,/brewers/adirondack-pub-and-brewery/3998/,Brewpub,2003,POINT (-73.714111 43.418521)
7,"202A West Main Street, Gouverneur, New York, USA  13642", Adirondack Toboggan Microbrewery,/brewers/adirondack-toboggan-microbrewery/18762/,Microbrewery,2014,POINT (-75.47605899999999 44.331445)
8,"7th Street and Avenue A, East Village, New York, USA  10009", Alphabet City Brewing Company,/brewers/alphabet-city-brewing-company/14401/,Client Brewer,2012,POINT (-73.9835429 40.7260554)
9,"44 N Main Street, Warsaw, New York, USA  14569", Amber Lantern Brewing,/brewers/amber-lantern-brewing/25874/,Brewpub,2016,POINT (-78.1324206 42.7408874)
10,"Blauvelt, New York, USA  10913", Andean Brewing Company,/brewers/andean-brewing-company/14173/,Client Brewer,2012,POINT (-73.95361629999999 41.0711228)
11,"One Main Street, Greenwich, New York, USA  12834", Argyle Brewing Company,/brewers/argyle-brewing-company/19808/,Microbrewery,2014,POINT (-73.49673729999999 43.0876762)
12,"236 Lower Whitfield Road, Accord, New York, USA  12404", Arrowood Farms,/brewers/arrowood-farms/28667/,Microbrewery,2016,POINT (-74.24883179999999 41.8070244)
13,"41 Geyser Road, Saratoga Springs, New York, USA  12866", Artisanal Brew Works,/brewers/artisanal-brew-works/28050/,Microbrewery,2016,POINT (-73.81448999999999 43.059909)
14,"1891 State Route 90 N, King Ferry, New York, USA  13081", Aurora Ale & Lager Company,/brewers/aurora-ale-lager-company/25933/,Microbrewery,2016,POINT (-76.68238099999999 42.709732)
15,"765 Mace Chasm Road , Keeseville, New York, USA  12944", Ausable Brewing Company,/brewers/ausable-brewing-company/21364/,Microbrewery,2014,POINT (-73.44775299999999 44.503003)
16,"15 Ellis Drive, Dryden, New York, USA  13053", Bacchus Brewing Company (NY),/brewers/bacchus-brewing-company-ny/14075/,Microbrewery,2012,POINT (-76.3005106 42.4993567)
17,"114 Cayuga St. , Ithaca, New York, USA  14850", BandWagon Brewpub,/brewers/bandwagon-brewpub/11460/,Brewpub,2010,POINT (-76.4993126 42.4398598)
18,"5411 Shady Avenue, Lowville, New York, USA  13367", BarkEater Craft Brewery,/brewers/barkeater-craft-brewery/19384/,Microbrewery,2014,POINT (-75.4915608 43.7868927)
19,"1693 East Avenue, Barker, New York, USA  14012", Barker Brewing,/brewers/barker-brewing/21859/,Brewpub/Brewery,2015,POINT (-78.5496914 43.3292431)
20,"Bethpage, New York, USA  11714", Barnshed Brewing,/brewers/barnshed-brewing/27995/,Microbrewery,2016,POINT (-73.48283739999999 40.7470968)
21,"32 Allen Blvd Unit E, Farmingdale, New York, USA  11735", Barrage Brewing,/brewers/barrage-brewing/18694/,Microbrewery,2014,POINT (-73.424747 40.716112)
22,"3002 New Street, #2, Oceanside, New York, USA  11572", Barrier Brewing Company,/brewers/barrier-brewing-company/10704/,Microbrewery,2009,POINT (-73.657704 40.6384637)
23,"4 Charles Street, Fort Ann, New York, USA  12827", Battle Hill Brewing Company,/brewers/battle-hill-brewing-company/25052/,Microbrewery,2015,POINT (-73.48738999999999 43.416899)
24,"3760 Quaker Rd., Gasport, New York, USA  14067", Becker Brewing Company,/brewers/becker-brewing-company/10822/,Microbrewery,2009,POINT (-78.56359929999999 43.2231467)
25,"421 Main Street, Oneonta, New York, USA  13820", BENsBREW,/brewers/bensbrew/14984/,Microbrewery,2012,POINT (-75.051171 42.458784)
26,"32-72 41st St., Astoria, Queens, New York, USA  11103", Beyond Brewing Company,/brewers/beyond-brewing-company/17095/,Microbrewery,2013,POINT (-73.9197173 40.756546)
27,"8-08 43rd Road,  Long Island City, New York, USA  11101", Big Alice Brewing,/brewers/big-alice-brewing/17193/,Microbrewery,2013,POINT (-73.95059049999999 40.7520775)
28,"55 E. Huron Street, Buffalo, New York, USA  14203", Big Ditch Brewing,/brewers/big-ditch-brewing/20952/,Microbrewery,2014,POINT (-78.8709209 42.8878118)
29,"5686 Cascade Road, Lake Placid, New York, USA  12946", Big Slide Brewery & Public House,/brewers/big-slide-brewery-public-house/27646/,Brewpub,2016,POINT (-73.9708701 44.2664276)
30,"96 Park Street, Tupper Lake, New York, USA  12986", Big Tupper Brewing,/brewers/big-tupper-brewing/24612/,Microbrewery,2015,POINT (-74.464777 44.223137)
31,"15 Avenue B, Johnson City, New York, USA  13790", Binghamton Brewing Company,/brewers/binghamton-brewing-company/20203/,Brewpub/Brewery,2014,POINT (-75.95353999999999 42.11523200000001)
32,"1015 Kendall Street , Horseheads, New York, USA  14845", Birdland Brewing Company,/brewers/birdland-brewing-company/15870/,Microbrewery,2013,POINT (-76.8335268 42.1567547)
33,"2015 New Highway, Farmingdale, New York, USA  11735", Black Forest Brew Haus,/brewers/black-forest-brew-haus/2597/,Brewpub,2002,POINT (-73.4144251 40.7550384)
34,"420 Harrison Drive, Centerport, New York, USA  11721", Blind Bat Brewery,/brewers/blind-bat-brewery/10075/,Microbrewery,2008,POINT (-73.38109799999999 40.89588)
35,"40 Cottage Street, Poughkeepsie, New York, USA  12601", Blue Collar Brewery (NY),/brewers/blue-collar-brewery-ny/20444/,Microbrewery,2014,POINT (-73.9182416 41.7073612)
36,"555 Lake Flower Ave, Saranac Lake, New York, USA  12983", Blue Line Brewery,/brewers/blue-line-brewery/17320/,Microbrewery,2013,POINT (-74.116118 44.313221)
37,"161 River Avenue, Patchogue, New York, USA  11772", Blue Point Brewing (AB InBev),/brewers/blue-point-brewing-ab-inbev/2072/,Brewpub/Brewery,1999,POINT (-73.0215951 40.7592223)
38,"241 Bly Hollow Road, Cherry Plain, New York, USA  12040", Bly Hollow Brewery,/brewers/bly-hollow-brewery/14286/,Microbrewery,2012,POINT (-73.367211 42.6250863)
39,"648 Broadway #904, New York, New York, USA  10012", Bomb Beer Company,/brewers/bomb-beer-company/13163/,Client Brewer,2011,POINT (-73.9956858 40.7267354)
40,"99 Hillside Avenue #995, Williston Park, New York, USA  11596", Bowlers Beer Company,/brewers/bowlers-beer-company/14955/,Client Brewer,2012,POINT (-73.642905 40.756831)
41,"Bushwick, Brooklyn, New York, USA  11237", Braven Brewing Company,/brewers/braven-brewing-company/21783/,Client Brewer,2015,POINT (-73.92128579999999 40.7043156)
42,"8319 Pleasant Valley Rd , Hammondsport , New York, USA  14840", Brewery of Broken Dreams,/brewers/brewery-of-broken-dreams/21883/,Microbrewery,2015,POINT (-77.244829 42.405211)
43,"656 County Highway 33, Cooperstown, New York, USA  13326", Brewery Ommegang  (Duvel-Moortgat),/brewers/brewery-ommegang-duvel-moortgat/527/,Microbrewery,1997,POINT (-74.9452273 42.6268786)
44,"New York, USA", Brewski Brewing Company,/brewers/brewski-brewing-company/22345/,Client Brewer,2015,POINT (-74.0059413 40.7127837)
45,"6771 West Main St, Patchogue, New York, USA  11172", BrickHouse Brewery & Restaurant,/brewers/brickhouse-brewery-restaurant/2257/,Brewpub,2002,POINT (-73.02450899999999 40.7640092)
46,"15-35 Decatur Street, New York, New York, USA  11385", Bridge and Tunnel Brewery,/brewers/bridge-and-tunnel-brewery/16209/,Microbrewery,2013,POINT (-73.902835 40.693822)
47,"173 Marbledale Road, Tuckahoe, New York, USA  10707", Broken Bow Brewery,/brewers/broken-bow-brewery/17695/,Microbrewery,2013,POINT (-73.8190429 40.9550346)
48,"New York, USA", Brooklyn Brew Shop,/brewers/brooklyn-brew-shop/21757/,Brewpub,2015,POINT (-74.0059413 40.7127837)
49,"79 North 11th Street, Brooklyn, New York, USA  11211", Brooklyn Brewery,/brewers/brooklyn-brewery/90/,Microbrewery,1987,POINT (-73.957258 40.721645)
50,"50 Factory Hill Road, Troy, New York, USA  12090", Browns Brewing Company,/brewers/browns-brewing-company/610/,Microbrewery,1997,POINT (-73.34358089999999 42.92491680000001)
51,"200 Portion Road, Ronkonkoma, New York, USA  11779", Brownstone Brewing Company,/brewers/brownstone-brewing-company/24575/,Brewpub,2015,POINT (-73.10549779999999 40.826467)
52,"314 Myrtle Avenue, Buffalo, New York, USA  14204", Buffalo Brewing Company (NY),/brewers/buffalo-brewing-company-ny/28638/,Microbrewery,2016,POINT (-78.85808689999999 42.8782741)
53,"6861 Main St., Williamsville, New York, USA  14221", Buffalo Brewpub,/brewers/buffalo-brewpub/3963/,Brewpub,2003,POINT (-78.6979152 42.96491899999999)
54,"2309 Eggert Road, Tonawanda, New York, USA  14150", Buffalo Tap Room & Grill,/brewers/buffalo-tap-room-grill/20742/,Brewpub,2014,POINT (-78.82549139999999 42.9818323)
55,"988 Rte 22 , Brewster, New York, USA  10509", Bull & Barrel Brew Pub,/brewers/bull-barrel-brew-pub/19535/,Brewpub,2014,POINT (-73.60236399999999 41.397413)
56,"4021 State Highway 51, Garrattsville, New York, USA  13342", Butternuts Beer and Ale,/brewers/butternuts-beer-and-ale/6863/,Microbrewery,2006,POINT (-75.19098799999999 42.623539)
57,"19 Quackenbush Square, Albany, New York, USA  12207", C.H. Evans Brewing Company at the Albany Pump Station,/brewers/ch-evans-brewing-company-at-the-albany-pump-station/2980/,Brewpub,1889,POINT (-73.74776 42.654103)
58,"16 Upper Main Street, Callicoon, New York, USA  12723", Callicoon Brewing Company,/brewers/callicoon-brewing-company/19543/,Brewpub,2014,POINT (-75.05733599999999 41.766998)
59,"76 Fred Thew Road, Peru, New York, USA  12972", Cape Vincent Brewing Company,/brewers/cape-vincent-brewing-company/28875/,Microbrewery,2016,POINT (-73.578908 44.52520699999999)
60,"444 Saw Mill River Road, Elmsford, New York, USA  10523", Captain Lawrence Brewing Company,/brewers/captain-lawrence-brewing-company/6758/,Microbrewery,2006,POINT (-73.81519300000001 41.0700703)
61,"672 Old Route 17, Livingston Manor, New York, USA  12758", Catskill Brewery,/brewers/catskill-brewery/20759/,Microbrewery,2014,POINT (-74.82435199999999 41.906821)
62,"5359 State Route 23, Windham, New York, USA  12496", Cave Mountain Brewing Co.,/brewers/cave-mountain-brewing-co/9859/,Brewpub,2008,POINT (-74.25103559999999 42.3074597)
63,"Rochester, New York, USA  14624", Champps Brewery & Co,/brewers/champps-brewery-co/20108/,Commercial Brewery,2014,POINT (-77.73376279999999 43.1206737)
64,"30 Main Street, Chatham, New York, USA  12037", Chatham Brewing,/brewers/chatham-brewing/8546/,Microbrewery,2007,POINT (-73.5958656 42.3629067)
65,"463 East 173rd Street, Bronx, New York, USA  10457", Chelsea Craft Brewing Company,/brewers/chelsea-craft-brewing-company/325/,Microbrewery,1999,POINT (-73.90153579999999 40.8419799)
66,"22 Cottage Street, Middletown, New York, USA  10940", Clemson Bros. Brewery,/brewers/clemson-bros-brewery/24841/,Brewpub,2015,POINT (-74.4157469 41.447491)
67,"511 Hansen Point, Penn Yan, New York, USA  14527", Climbing Bines Craft Ale Company,/brewers/climbing-bines-craft-ale-company/18768/,Brewpub/Brewery,2014,POINT (-76.9414513 42.65960949999999)
68,"58 Saratoga Ave, South Glens Falls, New York, USA  12803", Common Roots Brewing Company,/brewers/common-roots-brewing-company/21631/,Microbrewery,2014,POINT (-73.636534 43.295219)
69,"15 Lafayette Ave, Buffalo, New York, USA  14213", Community Beer Works,/brewers/community-beer-works/14283/,Microbrewery,2012,POINT (-78.89791129999999 42.9198593)
70,"1904 Surf Avenue, Brooklyn, New York, USA  11224", Coney Island Brewing Company (Boston Beer Company),/brewers/coney-island-brewing-company-boston-beer-company/24421/,Client Brewer,2015,POINT (-73.98449429999999 40.5748057)
71,"2 Sagamore Street, Glens Falls, New York, USA  12801", Coopers Cave Ale Company,/brewers/coopers-cave-ale-company/2976/,Brewpub,1995,POINT (-73.63999559999999 43.3176532)
72,"River Street, Milford, New York, USA  13807", Cooperstown Brewing Co.,/brewers/cooperstown-brewing-co/600/,Microbrewery,1995,POINT (-74.94029399999999 42.5893389)
73,"1111 Oneida Street, Rome, New York, USA  13440", Copper City Brewing Company,/brewers/copper-city-brewing-company/29604/,Microbrewery,2016,POINT (-75.4317119 43.2047368)
74,"16 Court Street, Cortland, New York, USA  13045"," Cortland Beer Company, LLC",/brewers/cortland-beer-company-llc/12426/,Microbrewery,2011,POINT (-76.1795116 42.5996472)
75,"4861 State Highway 28, Cooperstown, New York, USA  13326", Council Rock Brewery,/brewers/council-rock-brewery/14956/,Brewpub,2012,POINT (-74.96013499999999 42.658817)
76,"2 Exchange Street, Phelps, New York, USA  14532", Crafty Ales & Lagers,/brewers/crafty-ales-lagers/18338/,Microbrewery,2013,POINT (-77.056861 42.957834)
77,"6141 W Ava Road, Ava, New York, USA  13303", Creative Shepherd Farm Brewing Company,/brewers/creative-shepherd-farm-brewing-company/24726/,Microbrewery,2015,POINT (-75.4805374 43.4204478)
78,"3232 Rippleton Road, Cazenovia, New York, USA  13035", Critz Farms Brewing & Cider Company,/brewers/critz-farms-brewing-cider-company/28946/,Microbrewery,2016,POINT (-75.8735243 42.8805861)
79,"70 West Main Street, Riverhead, New York, USA  11901", Crooked Ladder Brewing Company,/brewers/crooked-ladder-brewing-company/17431/,Microbrewery,2013,POINT (-72.6634406 40.9170864)
80,"21 Second Street, Athens, New York, USA  12015", Crossroads Brewing Company (NY),/brewers/crossroads-brewing-company-ny/12684/,Brewpub/Brewery,2011,POINT (-73.8096796 42.2605257)
81,"300 Village Square Blvd. , Honeoye Falls, New York, USA  14472", Custom Brewcrafters,/brewers/custom-brewcrafters/994/,Microbrewery,1997,POINT (-77.60347519999999 42.9520817)
82,"445 St. Paul St., Rochester, New York, USA  14605", Custom Tap Brews (Genesee/High Falls),/brewers/custom-tap-brews-genesee-high-falls/24110/,Client Brewer,2015,POINT (-77.61527649999999 43.16423349999999)
83,"Brooklyn, New York, USA  11249", Cuzett Libations,/brewers/cuzett-libations/22192/,Client Brewer,2015,POINT (-73.9660683 40.7119031)
84,"184 Glen Street, Glens Falls, New York, USA  12801", Davidson Brothers Restaurant and Brewery,/brewers/davidson-brothers-restaurant-and-brewery/2119/,Brewpub/Brewery,1996,POINT (-73.6448013 43.3096189)
85,"Mamaroneck, New York, USA", Decadent Ales,/brewers/decadent-ales/27322/,Microbrewery,2016,POINT (-73.7326309 40.94870969999999)
86,"6 East Dexter Plaza, Pearl River, New York, USA  10965", Defiant Brewing Company,/brewers/defiant-brewing-company/6912/,Microbrewery,2006,POINT (-74.022847 41.0584046)
87,"1 South Chicago Avenue, Bay Shore, New York, USA  11706", Destination Unknown Beer Company,/brewers/destination-unknown-beer-company/25203/,Microbrewery,2015,POINT (-73.2294232 40.7340258)
88,"729 Wyncoop Creek Road, Chemung, New York, USA  14825", Diversion Brewing Company,/brewers/diversion-brewing-company/28088/,Microbrewery,2016,POINT (-76.62444599999999 42.01777999999999)
89,"381 Broadway, Saratoga Springs, New York, USA", Druthers Brewing,/brewers/druthers-brewing/15303/,Brewpub,2012,POINT (-73.78574589999999 43.0808604)
90,"Tarrytown, New York, USA", Duncans Abbey,/brewers/duncans-abbey/24470/,Microbrewery,2015,POINT (-73.85874609999999 41.0762077)
91,"445 Saint Paul Street, Rochester, New York, USA  14605-1726", Dundee Brewing Company (Cervecería Costa Rica - FIFCO),/brewers/dundee-brewing-company-cerveceria-costa-rica--fifco/12164/,Client Brewer,2010,POINT (-77.61527649999999 43.16423349999999)
92,"New York, USA", Dyckman Beer Company,/brewers/dyckman-beer-company/17194/,Client Brewer,2013,POINT (-74.0059413 40.7127837)
93,"108 Walter Drive, Syracuse, New York, USA  13206", Eastwood Brewing Company,/brewers/eastwood-brewing-company/18241/,Microbrewery,2013,POINT (-76.0980874 43.0698924)
94,"28A Monroe St., Ellicottville, New York, USA", Ellicottville Brewing,/brewers/ellicottville-brewing/1952/,Brewpub,2001,POINT (-78.670644 42.2751183)
95,"120 Walton Street, Syracuse, New York, USA  13202", Empire Brewing Company,/brewers/empire-brewing-company/601/,Brewpub,1994,POINT (-76.15460089999999 43.0481785)
96,"22 Henry Street, Middletown, New York, USA  10940", Equilibrium Brewery,/brewers/equilibrium-brewery/29279/,Microbrewery,2016,POINT (-74.4219327 41.4462272)
97,"135 James Street, Canastota, New York, USA  13032", Erie Canal Brewing Company,/brewers/erie-canal-brewing-company/20168/,Microbrewery,2014,POINT (-75.75419339999999 43.0756747)
98,"446 Kent Ave Apt 14A, Brooklyn, New York, USA  11249", Evil Twin Brewing,/brewers/evil-twin-brewing/11645/,Client Brewer,2010,POINT (-73.9684766 40.7090778)
99,"830 Varick Street, Utica, New York, USA  13502", F.X. Matt Brewing Company,/brewers/fx-matt-brewing-company/92/,Commercial Brewery,1999,POINT (-75.2446173 43.1033926)
100,"99 S. Main Street, Fairport, New York, USA  14450", Fairport Brewing Company,/brewers/fairport-brewing-company/16495/,Microbrewery,2013,POINT (-77.4416868 43.09881740000001)
101,"17 Johnson Rd, Mechanicville, New York, USA  12118", Fairways of Halfmoon Brewpub,/brewers/fairways-of-halfmoon-brewpub/28716/,Brewpub,2016,POINT (-73.7112614 42.9029376)
102,"Dobbs Ferry, New York, USA  10522", Ferrari Beer Company,/brewers/ferrari-beer-company/24016/,Microbrewery,2015,POINT (-73.8713099 41.0102232)
103,"78-01 77th Ave , Queens, New York, USA  11385", Finback Brewery,/brewers/finback-brewery/18825/,Microbrewery,2014,POINT (-73.8732122 40.70651970000001)
104,"8462 State Route 54, Hammondsport, New York, USA  14840"," Finger Lakes Beer Company, LLC",/brewers/finger-lakes-beer-company-llc/13858/,Microbrewery,2011,POINT (-77.2257906 42.3991086)
105,"P.O. Box 546, Ocean Beach, New York, USA  11770", Fire Island Beer Company,/brewers/fire-island-beer-company/10561/,Client Brewer,2009,POINT (-73.1570589 40.6467664)
106,"8398 West Route 20, Westfield, New York, USA  14787", Five and 20 Spirits and Brewing,/brewers/five-and-20-spirits-and-brewing/23696/,Microbrewery,2015,POINT (-79.6427209 42.295936)
107,"40 Minthorne Street, Staten Island, New York, USA  10301", Flagship Brewing Company,/brewers/flagship-brewing-company/19778/,Microbrewery,2014,POINT (-74.07599139999999 40.636621)
108,"3630 State Route 414, Seneca Falls, New York, USA  13148", Fleur De Lis Brew Works,/brewers/fleur-de-lis-brew-works/30084/,Microbrewery,2017,POINT (-76.8053798 42.84688269999999)
109,"211A Main Street, Farmingdale, New York, USA  11735", Flying Belgian Brewery,/brewers/flying-belgian-brewery/25848/,Microbrewery,2016,POINT (-73.44583009999999 40.734091)
110,"840 Seneca Street, Buffalo, New York, USA  14210", Flying Bison Brewing,/brewers/flying-bison-brewing/2055/,Microbrewery,2001,POINT (-78.845775 42.8758161)
111,"195 Luquer Street Apt 4r, Carroll Gardens, New York, USA  11231", Folksbier Brauerei,/brewers/folksbier-brauerei/22327/,Microbrewery,2015,POINT (-73.99758500000002 40.677138)
112,"202 East Green Street, Olean, New York, USA  14760", Four Mile Brewing (NY),/brewers/four-mile-brewing-ny/23176/,Microbrewery,2015,POINT (-78.427463 42.07318)
113,"245 Guski Road, Red Hook, New York, USA  12571", From The Ground Brewery,/brewers/from-the-ground-brewery/23765/,Microbrewery,2015,POINT (-73.8800155 42.0472969)
114,"628 S Main Street,  North Syracuse, New York, USA  13212", Full Boar Craft Brewery and Tap Room,/brewers/full-boar-craft-brewery-and-tap-room/24947/,Microbrewery,2016,POINT (-76.14175999999999 43.1245163)
115,"127 North Street, Old. Forge, New York, USA  13420", Fulton Chain Craft Brewery,/brewers/fulton-chain-craft-brewery/24817/,Microbrewery,2015,POINT (-74.9703229 43.714856)
116,"4180 State Route 14, Geneva, New York, USA  14456", Gael Brewing Company,/brewers/gael-brewing-company/24367/,Microbrewery,2015,POINT (-76.97963469999999 42.8329921)
117,"41 Court Street, Binghamton, New York, USA  13901", Galaxy Brewing Company,/brewers/galaxy-brewing-company/18067/,Brewpub,2013,POINT (-75.91364039999999 42.0990332)
118,"1 Garvies Point Road, Glen Cove, New York, USA  11542", Garvies Point Brewery,/brewers/garvies-point-brewery/26915/,Microbrewery,2016,POINT (-73.6419743 40.8602509)
119,"5428 Rt. 14  , Dundee, New York, USA  14873", GC Starkey Beer,/brewers/gc-starkey-beer/14811/,Microbrewery,2012,POINT (-76.9211959 42.5569146)
120,"3 Main Street, New Paltz, New York, USA  12561", Gilded Otter Brewing Company,/brewers/gilded-otter-brewing-company/602/,Brewpub,1998,POINT (-74.0895687 41.7469608)
121,"4200 Rte 14, Geneva, New York, USA  14456", Glass Factory Brew House (GFBH),/brewers/glass-factory-brew-house-gfbh/20638/,Brewpub,2014,POINT (-76.9787541 42.7739661)
122,"55 Maple Ave, Florida, New York, USA  10921", Glenmere Brewing Company,/brewers/glenmere-brewing-company/28356/,Microbrewery,2016,POINT (-74.3603268 41.3354212)
123,"8 Broad Street, Hamilton, New York, USA  13346", Good Nature Farm Brewery & Tap Room,/brewers/good-nature-farm-brewery-tap-room/13520/,Microbrewery,2011,POINT (-75.544399 42.826438)
124,"34 Main Street, Lake Placid, New York, USA  12946", Great Adirondack Brewing Co.,/brewers/great-adirondack-brewing-co/291/,Microbrewery,1998,POINT (-73.9840428 44.2854201)
125,"151 Lafayette Street, Schenectady, New York, USA  12305", Great Flats Brewing,/brewers/great-flats-brewing/30766/,Microbrewery,2017,POINT (-73.93817 42.812401)
126,"75 Clarendon Avenue, Kingston, New York, USA  12401", Great Life Brewing Company,/brewers/great-life-brewing-company/25785/,Microbrewery,2016,POINT (-73.9973579 41.9409085)
127,"25 Drexel Drive, Bay Shore, New York, USA  11706", Great South Bay Brewery,/brewers/great-south-bay-brewery/11709/,Microbrewery,2010,POINT (-73.26346699999999 40.7610955)
128,"315 Main Street, Middleburgh, New York, USA  12122", Green Wolf Brewing Company,/brewers/green-wolf-brewing-company/20535/,Microbrewery,2014,POINT (-74.33508500000001 42.59796499999999)
129,"7 North 15th Street, Brooklyn, New York, USA  11222", Greenpoint Beer and Ale Co.,/brewers/greenpoint-beer-and-ale-co/19240/,Brewpub,2014,POINT (-73.95706799999999 40.725131)
130,"529 Waverly Avenue, Brooklyn, New York, USA  11238", Greenpoint Beer Works,/brewers/greenpoint-beer-works/6516/,Microbrewery,2006,POINT (-73.96569839999999 40.6823249)
131,"234 Carpenter Street, Greenport, New York, USA  11944", Greenport Harbor Brewing Co.,/brewers/greenport-harbor-brewing-co/10720/,Microbrewery,2009,POINT (-72.35865489999999 41.1036334)
132,"5324 W Ridge Road, Spencerport, New York, USA  14559", Griffs Brewery,/brewers/griffs-brewery/25878/,Microbrewery,2016,POINT (-77.820714 43.22077600000001)
133,"Brooklyn, New York, USA", Grimm Artisanal Ales,/brewers/grimm-artisanal-ales/17192/,Client Brewer,2013,POINT (-73.94415789999999 40.6781784)
134,"4880 State Route 414, Hector, New York, USA  14818", Grist Iron Brewing Company,/brewers/grist-iron-brewing-company/27964/,Brewpub,2016,POINT (-76.8670042 42.4687693)
135,"3227 Laconia Ave., Bronx, New York, USA  10469", Gun Hill Brewing Company,/brewers/gun-hill-brewing-company/19178/,Brewpub/Brewery,2014,POINT (-73.8556201 40.8721387)
136,"6553 Boston State Road, Hamburg, New York, USA  14075", Hamburg Brewing Company,/brewers/hamburg-brewing-company/17745/,Microbrewery,2013,POINT (-78.8028954 42.7110117)
137,"39 County Route 65, Windham, New York, USA  12439", Hammos Brewpub & Lodge,/brewers/hammos-brewpub-lodge/24131/,Brewpub,2015,POINT (-74.21893899999999 42.290366)
138,"2214 Frederick Douglass Blvd. , Harlem, New York, USA  10026", Harlem Blue Beer,/brewers/harlem-blue-beer/18904/,Client Brewer,2014,POINT (-73.953761 40.80660030000001)
139,"Harlem, New York, USA", Harlem Brewing Company,/brewers/harlem-brewing-company/12620/,Client Brewer,2011,POINT (-73.94647689999999 40.8115504)
140,"141 Warners Lake Road, East Berne, New York, USA  12059", Helderberg Mountain Brewing Company,/brewers/helderberg-mountain-brewing-company/25627/,Microbrewery,2016,POINT (-74.0787639 42.6299412)
141,"2001 Delphi Road, New Woodstock , New York, USA  13122", Henneberg Brewing Company,/brewers/henneberg-brewing-company/20786/,Microbrewery,2014,POINT (-75.8628233 42.8697411)
142,"376 E Honey Hollow Road, Earlton, New York, USA  12058", Honey Hollow Brewing Company,/brewers/honey-hollow-brewing-company/20169/,Microbrewery,2014,POINT (-73.92655999999999 42.40450500000001)
143,"1771 Dryden Road, Freeville, New York, USA  13068", Hopshire Farm and Brewery,/brewers/hopshire-farm-and-brewery/17372/,Microbrewery,2013,POINT (-76.3681332 42.4806535)
144,"250 Old Ithaca Rd., Horseheads, New York, USA  14845", Horseheads Brewing,/brewers/horseheads-brewing/9224/,Microbrewery,2008,POINT (-76.8121348 42.1833111)
145,"222 W Houston St, New York, New York, USA  10014", Houston Hall,/brewers/houston-hall/16179/,Client Brewer,2013,POINT (-74.0047369 40.7287959)
146,"17 Milton Avenue, Highland, New York, USA", Hudson Ale Works,/brewers/hudson-ale-works/29096/,Microbrewery,2016,POINT (-73.96392640000001 41.7178494)
147,"60 S. Front Street , Hudson, New York, USA  12534", Hudson Brewing Company,/brewers/hudson-brewing-company/28071/,Microbrewery,2016,POINT (-73.7972379 42.253763)
148,"7 East Main Street, Beacon, New York, USA  12508", Hudson Valley Brewery,/brewers/hudson-valley-brewery/27030/,Microbrewery,2016,POINT (-73.962829 41.501771)
149,"4076 Albany Post Rd., Hyde Park, New York, USA  12538", Hyde Park Brewing Company,/brewers/hyde-park-brewing-company/1582/,Brewpub,1996,POINT (-73.92943079999999 41.7691933)
150,"3703 Brewerton Road, Syracuse, New York, USA  13212", IBU,/brewers/ibu/24955/,Microbrewery,2015,POINT (-76.1453738 43.1155559)
151,"37-18 Northern Blvd, Queens, New York, USA  11101", ICONYC Brewing Company,/brewers/iconyc-brewing-company/26136/,Microbrewery,2016,POINT (-73.9253823 40.7520583)
152,"342 Altamont Road, Altamont, New York, USA  12009", Indian Ladder Farmstead Cidery and Brewery,/brewers/indian-ladder-farmstead-cidery-and-brewery/29836/,Microbrewery,2017,POINT (-73.97348959999999 42.6554108)
153,"55 W Railroad Ave Bldg 25W, Garnerville, New York, USA  10923", Industrial Arts Brewing Company,/brewers/industrial-arts-brewing-company/28472/,Microbrewery,2016,POINT (-73.99004769999999 41.2089303)
154,"942 Grand Street, Brooklyn, New York, USA  11211", Interboro Spirits and Ales,/brewers/interboro-spirits-and-ales/28451/,Microbrewery,2016,POINT (-73.93691969999999 40.7125846)
155,"196 Baker Street , Corning, New York, USA  14830", Iron Flamingo Brewery,/brewers/iron-flamingo-brewery/26312/,Microbrewery,2014,POINT (-77.05637899999999 42.155135)
156,"360 West Ridge Road, Rochester, New York, USA  14615", Iron Tug Brewing,/brewers/iron-tug-brewing/28494/,Microbrewery,2016,POINT (-77.636534 43.1998559)
157,"Ithaca Beer Co., 122 Ithaca Beer Drive, Ithaca, New York, USA  14850", Ithaca Beer Co.,/brewers/ithaca-beer-co/603/,Microbrewery,1998,POINT (-76.53485999999999 42.416835)
158,"New York, USA  10470", Jonas Broncks Beer Co.,/brewers/jonas-broncks-beer-co/13204/,Client Brewer,2011,POINT (-73.86836970000002 40.89907669999999)
159,"381 Troutman St, Brooklyn, New York, New York, USA  11237", KCBC (Kings County Brewers Collective),/brewers/kcbc-kings-county-brewers-collective/27230/,Microbrewery,2016,POINT (-73.9234757 40.7059533)
160,"20 St. James St., Kingston, New York, USA  12401", Keegan Ales,/brewers/keegan-ales/4242/,Microbrewery,2003,POINT (-74.0118701 41.9315036)
161,"97 Nassau Ave, Brooklyn, New York, USA  11222", Keg & Lantern,/brewers/keg-lantern/21095/,Brewpub,2014,POINT (-73.95035919999999 40.7240665)
162,"8572 Briglin Road, Hammondsport, New York, USA  14840", Keuka Brewing Company,/brewers/keuka-brewing-company/10522/,Microbrewery,2009,POINT (-77.19103299999999 42.485417)
163,"7 West Bridge Street , Oswego, New York, USA  13126", King Arthurs Steakhouse & Brewery,/brewers/king-arthurs-steakhouse-brewery/4881/,Brewpub,2004,POINT (-76.5109812 43.4568315)
164,"426 Ridge Road, Webster, New York, USA  14580", Knucklehead Craft Brewing,/brewers/knucklehead-craft-brewing/21670/,Microbrewery,2014,POINT (-77.51220170000001 43.2060144)
165,"50 Fountain Plaza # 900, Buffalo, New York, USA  14202", Labatt USA (Cervecería Costa Rica - FIFCO),/brewers/labatt-usa-cerveceria-costa-rica--fifco/20705/,Client Brewer,2014,POINT (-78.8737445 42.8898241)
166,"16 E Castle Street, Geneva, New York, USA  14456", Lake Drum Brewing,/brewers/lake-drum-brewing/28890/,Microbrewery,2016,POINT (-76.98096799999999 42.86774)
167,"813 Mirror Lake Dr, Lake Placid, New York, USA  12946", Lake Placid Pub & Brewery,/brewers/lake-placid-pub-brewery/2705/,Brewpub/Brewery,1996,POINT (-73.981262 44.282926)
168,"39-28 23rd Street , Long Island City, New York, USA  11101", LIC Beer Project,/brewers/lic-beer-project/23071/,Microbrewery,2015,POINT (-73.939375 40.7548729)
169,"#6A, 33 35th Street, Brooklyn, New York, USA  11232", Lineup Brewing,/brewers/lineup-brewing/30493/,Microbrewery,2017,POINT (-74.0075161 40.6572748)
170,"Long Island, New York, USA", Lithology Brewing Company,/brewers/lithology-brewing-company/22777/,Microbrewery,2015,POINT (-73.13496099999999 40.789142)
171,"697 Bear Swamp Road, Peru, New York, USA  12972", Livingoods Restaurant & Brewery,/brewers/livingoods-restaurant-brewery/20995/,Brewpub,2014,POINT (-73.51157100000002 44.576079)
172,"3160 Warners Road, Camillus, New York, USA  13164", Local 315 Brewing Company,/brewers/local-315-brewing-company/24856/,Microbrewery,2015,POINT (-76.2885989 43.08070860000001)
173,"10 Schoen Place, Pittsford, New York, USA  14534", Lock 32 Brewing,/brewers/lock-32-brewing/19413/,Microbrewery,2014,POINT (-77.5128735 43.0918741)
174,"817 Pulaski Street, Riverhead, New York, USA  11901", Long Ireland Beer Company,/brewers/long-ireland-beer-company/12587/,Microbrewery,2011,POINT (-72.67463099999999 40.919804)
175,"543 Atlantic Avenue, Rochester, New York, USA  14609", Lost Borough Brewing Company,/brewers/lost-borough-brewing-company/21270/,Microbrewery,2014,POINT (-77.5688038 43.1559724)
176,"2155 Church Road, Lodi, New York, USA  14860", Lost Kingdom Brewery,/brewers/lost-kingdom-brewery/20499/,Microbrewery,2014,POINT (-76.822839 42.6151183)
177,"131 Palmyra Ave, Woodmere, New York, USA  11598-1324", Lost Tribes Beverage,/brewers/lost-tribes-beverage/13927/,Client Brewer,2012,POINT (-73.7009453 40.6307278)
178,"8920 N Seneca Street, Weedsport, New York, USA  13166", Lunkenheimer Craft Brewing Company,/brewers/lunkenheimer-craft-brewing-company/20913/,Microbrewery,2014,POINT (-76.56274809999999 43.0493141)
179,"138 Water Street, Penn Yan, New York, USA  14527", Lyonsmith Brewing Company,/brewers/lyonsmith-brewing-company/21885/,Microbrewery,2015,POINT (-77.054738 42.6590611)
180,"237 Union Street, Schenectady, New York, USA  12305", Mad Jack Brewing @ The Van Dyck Restaurant & Lounge,/brewers/mad-jack-brewing-the-van-dyck-restaurant-lounge/13146/,Brewpub/Brewery,2011,POINT (-73.9431374 42.8165275)
181,"6 Murray Street, New York, New York, USA  10007", Manhattan Proper,/brewers/manhattan-proper/27034/,Brewpub,2016,POINT (-74.0080433 40.7132703)
182,"63-65 West Market Street, Corning, New York, USA  14830", Market Street Brewing Co. (NY),/brewers/market-street-brewing-co-ny/605/,Brewpub,1997,POINT (-77.0571995 42.1438863)
183,"193 Glen Street, Unit 2, Glens Falls, New York, USA  12801", Mean Max Brew Works,/brewers/mean-max-brew-works/21156/,Brewpub,2014,POINT (-73.64448999999999 43.310148)
184,"Bronx, New York, USA", Metrocraft Beer Company,/brewers/metrocraft-beer-company/25733/,Client Brewer,2016,POINT (-73.8648268 40.8447819)
185,"120 Wilkinson Street            , Syracuse, New York, USA  13204", Middle Ages Brewing,/brewers/middle-ages-brewing/91/,Microbrewery,1996,POINT (-76.1616174 43.0512686)
186,"168 Randall Crossing Road, Himrod, New York, USA  14842", Miles Craft Ales,/brewers/miles-craft-ales/13623/,Microbrewery,2011,POINT (-76.92205249999999 42.6170216)
187,"289 Mill Street, Poughkeepsie, New York, USA  12601-3111", Mill House Brewing Company,/brewers/mill-house-brewing-company/17503/,Brewpub,2013,POINT (-73.9263936 41.7051637)
188,"62 South Erie Avenue, Montauk, New York, USA  11954", Montauk Brewing Company,/brewers/montauk-brewing-company/15837/,Microbrewery,2012,POINT (-71.94400019999999 41.0366231)
189,"New York, New York, USA  10550", Mount Vernon Brewery,/brewers/mount-vernon-brewery/29147/,Brewpub/Brewery,2016,POINT (-73.83308439999999 40.9087956)
190,"400 Hallett Ave - Suite A, Riverhead, New York, USA  11901", Moustache Brewing Company,/brewers/moustache-brewing-company/18706/,Microbrewery,2014,POINT (-72.6678694 40.9205597)
191,"720 Varick Street, Utica, New York, USA  13502", Nail Creek Pub & Brewery,/brewers/nail-creek-pub-brewery/13911/,Brewpub,2012,POINT (-75.24358429999999 43.10349189999999)
192,"4048 State Route 5 and 20, Canandaigua, New York, USA  14424", Naked Dove Brewing,/brewers/naked-dove-brewing/12523/,Microbrewery,2011,POINT (-77.2744311 42.8782354)
193,"6621 State Route 5&20  , East Bloomfield, New York, USA  14443", Nedloh Brewing Company,/brewers/nedloh-brewing-company/20961/,Microbrewery,2014,
194,"P.O. Box 701, Akron, New York, USA  14001", New Buffalo Brewing,/brewers/new-buffalo-brewing/20069/,Client Brewer,2014,POINT (-78.4953015 43.0208924)
195,"New Paltz Village, New Paltz, New York, USA  12561", New Paltz Brewing Company,/brewers/new-paltz-brewing-company/22854/,Microbrewery,2015,POINT (-74.0868095 41.7475933)
196,"245-06 Jericho Turnpike, Floral Park, New York, USA  11001", New World Beverages,/brewers/new-world-beverages/12049/,Client Brewer,2010,POINT (-73.72302549999999 40.7246868)
197,"6933 South Transit Road, Lockport, New York, USA  14094", New York Beer Project,/brewers/new-york-beer-project/24727/,Brewpub,2015,POINT (-78.69689649999999 43.0903344)
198,"88 South Colden Street, Newburgh, New York, USA  12550", Newburgh Brewing Company,/brewers/newburgh-brewing-company/13601/,Microbrewery,2011,POINT (-74.00796579999999 41.4973091)
199,"1571 Route 9, Suite 5, Wappingers Falls, New York, USA  12590", North River Hops and Brewing,/brewers/north-river-hops-and-brewing/20914/,Microbrewery,2014,POINT (-73.91145159999999 41.5961447)
200,"73 Hamburg Street, Buffalo, New York, USA  14204", Old First Ward Brewing,/brewers/old-first-ward-brewing/18936/,Brewpub,2014,POINT (-78.85957259999999 42.8658795)
201,"150 Thielman Road, Hudson, New York, USA  12534", Old Klaverack Brewery,/brewers/old-klaverack-brewery/28335/,Microbrewery,2016,POINT (-73.68377 42.222281)
202,"31 Excelsior Ave., Saratoga Springs, New York, USA  12866", Olde Saratoga Brewing (Mendocino Brewing Co.),/brewers/olde-saratoga-brewing-mendocino-brewing-co/3074/,Microbrewery,2002,POINT (-73.7789909 43.0883478)
203,"195 Centre Street, Brooklyn, New York, USA  11231", Other Half Brewing,/brewers/other-half-brewing/18293/,Microbrewery,2013,POINT (-73.9991345 40.6738126)
204,"111 Ohio Ave, Plattsburgh, New York, USA  12903", Oval Craft Brewing,/brewers/oval-craft-brewing/27320/,Microbrewery,2016,POINT (-73.4473965 44.6831915)
205,"76 South Street, Oyster Bay, New York, USA  11771", Oyster Bay Brewing Company,/brewers/oyster-bay-brewing-company/17629/,Microbrewery,2013,POINT (-73.5304076 40.8731491)
206,"391 Washington St, Buffalo, New York, USA  14203", Pan American Grill and Brewery,/brewers/pan-american-grill-and-brewery/15005/,Brewpub,2012,POINT (-78.87289059999999 42.8849055)
207,"154 Rte 9, Schroon Lake, New York, USA  12870", Paradox Brewery,/brewers/paradox-brewery/17495/,Microbrewery,2013,POINT (-73.793385 43.781173)
208,"265/267 Bowery, New York, New York, USA  10002", Paulaner Bräuhaus New York City,/brewers/paulaner-brauhaus-new-york-city/20708/,Brewpub,2014,POINT (-73.992486 40.72345869999999)
209,"72-76 Pearl Street, Buffalo, New York, USA  14202", Pearl Street Grill & Brewery (NY),/brewers/pearl-street-grill-brewery-ny/2056/,Brewpub,2001,POINT (-78.8773423 42.8810911)
210,"55 Hudson Avenue, Peekskill, New York, USA  10566", Peekskill Brewery,/brewers/peekskill-brewery/10216/,Brewpub,2009,POINT (-73.9298929 41.2856837)
211,"682 County Road 1 Suite B, Pine Island, New York, USA  10969", Pine Island Brewing Company,/brewers/pine-island-brewing-company/25943/,Microbrewery,2016,POINT (-74.4660602 41.2972743)
212,"115 Underhill Rd, Poughkeepsie, New York, USA  12603", Plan Bee Farm Brewery,/brewers/plan-bee-farm-brewery/18300/,Microbrewery,2013,POINT (-73.88568099999999 41.718716)
213,"411 Route 3, Plattsburgh, New York, USA  12901", Plattsburgh Brewing Company,/brewers/plattsburgh-brewing-company/22086/,Brewpub,2015,POINT (-73.4887222 44.6967259)
214,"200 Wilson St. Bldg E3, Port Jefferson Station, New York, USA  11776", Po Boy Brewery,/brewers/po-boy-brewery/29944/,Microbrewery,2017,POINT (-73.0568174 40.9335573)
215,"22 Mill Creek Road, Port Jefferson, New York, USA  11777", Port Jeff Brewing Company,/brewers/port-jeff-brewing-company/13196/,Microbrewery,2011,POINT (-73.0692365 40.9459847)
216,"1946 Campus Drive, Hyde Park, New York, USA  12538", Post Road Brew House,/brewers/post-road-brew-house/30542/,Brewpub,2017,POINT (-73.93271829999999 41.7458486)
217,"28 State Street, Auburn, New York, USA  13021", Prison City Brewing,/brewers/prison-city-brewing/22948/,Brewpub/Brewery,2015,POINT (-76.56845 42.9318129)
218,"317 Springtown Road, New Paltz, New York, USA  12561", Pull Brewing Company,/brewers/pull-brewing-company/26234/,Microbrewery,2016,POINT (-74.0877521 41.7898089)
219,"60-73 70th Street, Maspeth, New York, USA  11378-2943", Queens Brewery,/brewers/queens-brewery/18162/,Client Brewer,2013,POINT (-73.88799399999999 40.721302)
220,"3602 County Route 20, Salem, New York, USA  12865", R.S. Taylor & Sons Brewery,/brewers/rs-taylor-sons-brewery/25536/,Brewpub/Brewery,2015,
221,"122 West 27th Street, Suite 1022, New York, New York, USA  10001", Radiant Pig Beer Company,/brewers/radiant-pig-beer-company/16532/,Client Brewer,2013,POINT (-73.9923099 40.7457486)
222,"P.O. Box 1031 - 143 Rt 59 Building 6, Hilburn, New York, USA  10931", Ramapo Valley Brewery,/brewers/ramapo-valley-brewery/2148/,Microbrewery,2000,POINT (-74.1630699 41.1271493)
223,"11 Balsam Street #2, Tupper Lake, New York, USA  12986", Raquette River Brewing,/brewers/raquette-river-brewing/19599/,Microbrewery,2014,POINT (-74.4869223 44.2431038)
224,"90 Congress Street, Troy, New York, USA  12180", Rare Form Brewing Company,/brewers/rare-form-brewing-company/19554/,Microbrewery,2014,POINT (-73.690015 42.728499)
225,"20 Hallwood Rd Unit C, Delmar, New York, USA  12054", Real McCoy Beer Company,/brewers/real-mccoy-beer-company/28052/,Microbrewery,2016,POINT (-73.83180399999999 42.623426)
226,"4504 Bussey Road, Syracuse, New York, USA  13215", Red Hawk Brewing,/brewers/red-hawk-brewing/24954/,Microbrewery,2015,POINT (-76.23299589999999 42.9913775)
227,"1250 Niagara Street, Buffalo, New York, USA  14213", Resurgence Brewing Company,/brewers/resurgence-brewing-company/19752/,Brewpub/Brewery,2014,POINT (-78.89954689999999 42.91833099999999)
228,"1360 West Sweden Road, Brockport, New York, USA  14420", RG Brewery,/brewers/rg-brewery/25441/,Microbrewery,2015,POINT (-77.985 43.150754)
229,"Saratoga Springs, New York, USA  12866", Ringside Beer Company,/brewers/ringside-beer-company/14751/,Client Brewer,2012,POINT (-73.7242486 43.0964412)
230,"4545 Route 32, Catskill, New York, USA  12414", Rip Van Winkle Brewing Company,/brewers/rip-van-winkle-brewing-company/25938/,Brewpub,2016,POINT (-73.98652799999999 42.185396)
231,"56 S. Union Street, Rochester, New York, USA  14618", Roc Brewing Company,/brewers/roc-brewing-company/12579/,Microbrewery,2011,POINT (-77.5975522 43.1533777)
232,"162 Fir Tree Point Road, Rock Stream, New York, USA  14878", Rock Stream Brewery,/brewers/rock-stream-brewery/15460/,Microbrewery,2012,POINT (-76.919089 42.472324)
233,"5-01 46th Ave,, Long Island City, New York, USA  11101", Rockaway Brewing Company,/brewers/rockaway-brewing-company/15554/,Microbrewery,2012,POINT (-73.95493309999999 40.747311)
234,"51 Clubhouse Drive, Rocky Point, New York, USA  11778", Rocky Point Artisan Brewers,/brewers/rocky-point-artisan-brewers/15088/,Microbrewery,2012,POINT (-72.92858199999999 40.953359)
235,"Rochester, New York, USA", Rogers Beer Company,/brewers/rogers-beer-company/12580/,Client Brewer,2011,POINT (-77.61092189999999 43.16103)
236,"3859 Buffalo Road, Rochester, New York, USA  14624", Rohrbach Brewing Company,/brewers/rohrbach-brewing-company/2744/,Brewpub,2002,POINT (-77.7616446 43.1372022)
237,"223 - 301 N. Franklin St., Watkins Glen, New York, USA  14891", Rooster Fish Brewing,/brewers/rooster-fish-brewing/7721/,Brewpub,2006,POINT (-76.8737007 42.3810209)
238,"175 Main Street, Oneonta, New York, USA   13820", Roots Brewing Company,/brewers/roots-brewing-company/21015/,Brewpub,2014,POINT (-75.06254369999999 42.453703)
239,"145 Rockland Rd, PO Box 153, Roscoe, New York, USA  12776", Roscoe Beer Company,/brewers/roscoe-beer-company/17054/,Client Brewer,2013,POINT (-74.913107 41.94621799999999)
240,"Rochester, New York, USA", Roscoes Hop House,/brewers/roscoes-hop-house/11788/,Client Brewer,2010,POINT (-77.61092189999999 43.16103)
241,"5945 RTE 44/55, Kerhonkson, New York, USA  12446", Rough Cut Brewing Company,/brewers/rough-cut-brewing-company/26267/,Brewpub,2016,POINT (-74.2848882 41.7596674)
242,"253 West 35Th Street, 6th fl., New York, New York, USA  10001", Ruckus Brewing Company,/brewers/ruckus-brewing-company/12506/,Client Brewer,2011,POINT (-73.9921387 40.7526607)
243,"1 Battiato Lane, Chester, New York, USA  10918", Rushing Duck Brewing,/brewers/rushing-duck-brewing/15094/,Microbrewery,2012,POINT (-74.26961829999999 41.3622246)
244,"4350 Seneca Street, West Seneca, New York, USA  14120", Rusty Nickel Brewing Company,/brewers/rusty-nickel-brewing-company/22462/,Microbrewery,2015,POINT (-78.74217879999999 42.8323653)
245,"212 W Main Street, Sackets Harbor, New York, USA  13685", Sackets Harbor Brewing Co.,/brewers/sackets-harbor-brewing-co/607/,Brewpub,1996,POINT (-76.1206732 43.9479771)
246,"Saint James, New York, USA  11780", Saint James Brewery,/brewers/saint-james-brewery/20002/,Microbrewery,2014,POINT (-73.17036279999999 40.9026612)
247,"1120 Manhattan Ave, Brooklyn, New York, USA  11222", Saint Vitus Bar,/brewers/saint-vitus-bar/20447/,Client Brewer,2014,POINT (-73.9553354 40.7367573)
248,"60 Main St, Northport, New York, USA  11768", Sand City Brewing Company,/brewers/sand-city-brewing-company/25615/,Microbrewery,2015,POINT (-73.3510162 40.900236)
249,"274 Middle Road, Nassau, New York, USA  12123", Sanford & Sentz (S&S) Farm Brewery,/brewers/sanford-sentz-ss-farm-brewery/20041/,Microbrewery,2014,POINT (-73.5728089 42.487935)
250,"Brooklyn, New York, USA  11201", Secret Engine Brewing,/brewers/secret-engine-brewing/22328/,Client Brewer,2015,POINT (-73.9859414 40.6986772)
251,"4520 State Route 14, Rock Stream, New York, USA  14878", Seneca Lake Brewing Company,/brewers/seneca-lake-brewing-company/25932/,Microbrewery,2016,POINT (-76.9096301 42.452309)
252,"Walnut Road & Route 329, Watkins Glen, New York, USA  14891", Seneca Lodge Craft Brewing,/brewers/seneca-lodge-craft-brewing/13794/,Brewpub,2011,POINT (-76.87096059999999 42.3698318)
253,"55 North Ferry Road, Shelter Island, New York, USA  11964", Shelter Island Craft Brewery,/brewers/shelter-island-craft-brewery/25516/,Microbrewery,2015,POINT (-72.3392369 41.0715515)
254,"6 Fairchild Square, Clifton Park, New York, USA  12065", Shmaltz Brewing Company,/brewers/shmaltz-brewing-company/10947/,Microbrewery,1996,POINT (-73.7928352 42.9014992)
255,"552 NY State Route 55, Eldred, New York, USA  12732", Shrewd Fox Brewery,/brewers/shrewd-fox-brewery/29642/,Microbrewery,2016,POINT (-74.8853567 41.525884)
256,"19-33 37th Street, Astoria, New York, USA  11105", Singlecut Beersmiths,/brewers/singlecut-beersmiths/15847/,Microbrewery,2012,POINT (-73.90189629999999 40.7784477)
257,"35 Main Street, Ossining, New York, USA  10562", Six Degrees of Separation Restaurant and Brewery,/brewers/six-degrees-of-separation-restaurant-and-brewery/30078/,Brewpub,2017,POINT (-73.8680025 41.15883059999999)
258,"40 Van Dyke St., Brooklyn, New York, USA  11231", Sixpoint Brewery,/brewers/sixpoint-brewery/5646/,Microbrewery,2004,POINT (-74.01206929999999 40.67387720000001)
259,"Salmon Run Mall, Watertown, New York, USA  13601", Skewed Brewing,/brewers/skewed-brewing/17877/,Brewpub,2013,POINT (-75.951402 43.97692)
260,"1065 County Route 19, Elizaville, New York, USA  12523", Sloop Brewing Company,/brewers/sloop-brewing-company/14856/,Microbrewery,2012,POINT (-73.7944808 42.0843384)
261,"PO Box 430, New Paltz, New York, USA  12561", Smart Beer Company,/brewers/smart-beer-company/27295/,Client Brewer,2016,POINT (-74.0868095 41.7475933)
262,"North Syracuse, New York, USA  13212", Soapist Beer Works,/brewers/soapist-beer-works/23416/,Microbrewery,2015,POINT (-76.1030007 43.1270971)
263,"62 Jobs Lane, Southampton, New York, USA  11968", Southampton Publick House,/brewers/southampton-publick-house/790/,Brewpub/Brewery,1999,POINT (-72.391536 40.8832195)
264,"2072 Stoneman Circle, Lakewood, New York, USA  14750", Southern Tier Brewing Company (ABV),/brewers/southern-tier-brewing-company-abv/3473/,Microbrewery,2003,POINT (-79.3512685 42.0880611)
265,"920 Lincoln Ave, unit 5  , Holbrook, New York, USA  11741", Spider Bite Beer Company,/brewers/spider-bite-beer-company/13658/,Client Brewer,2011,POINT (-73.0845374 40.7727191)
266,"155 North Main Street, Elmira, New York, USA  14901", Splitrock Brewing Company,/brewers/splitrock-brewing-company/20204/,Brewpub,2014,POINT (-76.8085536 42.0883718)
267,"405 High Street, Holbrook, New York, USA  11741", Square Head Brewing Company,/brewers/square-head-brewing-company/20525/,Microbrewery,2014,POINT (-73.07265840000001 40.7796216)
268,"19 Commerce Lane, Canton, New York, USA  13617", St. Lawrence Brewing Company,/brewers/st-lawrence-brewing-company/16913/,Microbrewery,2013,POINT (-75.18251789999999 44.5902471)
269,"794 Curtis Ave, Staten Island, New York, USA  10310", Staten Island Beer Company,/brewers/staten-island-beer-company/23233/,Microbrewery,2015,POINT (-74.12381379999999 40.6245704)
270,"Albany, New York, USA  12203", Steadfast Beer Company,/brewers/steadfast-beer-company/13893/,Client Brewer,2012,POINT (-73.8477874 42.6823182)
271,"10286 Judson Road, Hammondsport, New York, USA  14840", Steuben Brewing Company LLC,/brewers/steuben-brewing-company-llc/22243/,Brewpub/Brewery,2015,POINT (-77.1879579 42.5008316)
272,"P.O. Box 435, Saratoga Springs, New York, USA  12866", Stewarts Shops,/brewers/stewarts-shops/23674/,Client Brewer,2015,POINT (-73.78456509999999 43.0831301)
273,"1 Main Street, Brockport, New York, USA  14420", Stoneyard Brewing Company,/brewers/stoneyard-brewing-company/19954/,Brewpub,2014,POINT (-77.93792879999999 43.217458)
274,"1153 W Fayette Street, Ste 102 , Syracuse, New York, USA  13204", Stout Beard Brewing Company,/brewers/stout-beard-brewing-company/24949/,Microbrewery,2015,POINT (-76.1731527 43.0462302)
275,"2079 East Shore Drive, Lansing, New York, USA  14882", Stout Hearted Brewing,/brewers/stout-hearted-brewing/13355/,Brewpub,2011,POINT (-76.50562119999999 42.5377252)
276,"574A President Street, Brooklyn , New York, USA  11215", Strong Rope Brewery,/brewers/strong-rope-brewery/25574/,Microbrewery,2015,POINT (-73.9840231 40.6769954)
277,"2278 Route 9, Livingston , New York, USA  12534", Suarez Family Brewery,/brewers/suarez-family-brewery/27672/,Microbrewery,2016,POINT (-73.812344 42.110981)
278,"384 Champlin Road N., Groton, New York, USA  13073", Summerhill Brewing,/brewers/summerhill-brewing/29513/,Microbrewery,2016,POINT (-76.294169 42.63639)
279,"378 Mt. Hope Avenue , Rochester, New York, USA  14620", Swiftwater Brewing,/brewers/swiftwater-brewing/22305/,Brewpub/Brewery,2015,POINT (-77.6119398 43.1423543)
280,"320 S. Clinton St., Syracuse, New York, USA  13202", Syracuse Suds Factory,/brewers/syracuse-suds-factory/609/,Brewpub,1991,POINT (-76.1538678 43.0481019)
281,"4 Dunsbach Ferry Road, Cohoes, New York, USA  12047", Table 41 Brewing Company,/brewers/table-41-brewing-company/28084/,Microbrewery,2016,POINT (-73.75429199999999 42.772274)
282,"200 5th Ave, New York, New York, USA  10010", The Birreria at Eataly - New York,/brewers/the-birreria-at-eataly--new-york/13173/,Brewpub,2011,POINT (-73.98992799999999 40.7420207)
283,"1460 North Clinton Avenue, Bay Shore, New York, USA  11706", The Brewers Collective,/brewers/the-brewers-collective/30837/,Microbrewery,2017,POINT (-73.266368 40.744675)
284,"4 South Chestnut Street, New Paltz, New York, USA  12561", The Brewery at Bacchus,/brewers/the-brewery-at-bacchus/19314/,Brewpub/Brewery,2014,POINT (-74.086675 41.7471276)
285,"1946 Campus Dr, Hyde Park, New York, USA  12538", The Brewery at the CIA,/brewers/the-brewery-at-the-cia/26242/,Microbrewery,2016,POINT (-73.93271829999999 41.7458486)
286,"253 Main Street, Saugerties, New York, USA  12477", The Brewery at the Dutch Ale House,/brewers/the-brewery-at-the-dutch-ale-house/14474/,Brewpub,2012,POINT (-73.95343299999999 42.0777361)
287,"856 East 136th Street, New York, New York, USA  10454", The Bronx Brewery,/brewers/the-bronx-brewery/13391/,Client Brewer,2011,POINT (-73.91042829999999 40.8020706)
288,"211 Main Street, Farmingdale, New York, USA  11735", The Craft Microbrewhouse at A Taste of Long Island,/brewers/the-craft-microbrewhouse-at-a-taste-of-long-island/24017/,Microbrewery,2015,POINT (-73.44583009999999 40.734091)
289,"1142 Mount Hope Ave., Rochester, New York, USA  14620", The Distillery,/brewers/the-distillery/3846/,Brewpub,2003,POINT (-77.6155938 43.1276544)
290,"14 George Street, Owego, New York, USA   13827", The FarmHouse Brewery,/brewers/the-farmhouse-brewery/20226/,Microbrewery,2014,POINT (-76.2693323 42.1112844)
291,"31 Loop Road Ste 1 , Auburn, New York, USA  13021", The Good Shepherds Brewing Co.,/brewers/the-good-shepherds-brewing-co/21008/,Microbrewery,2014,POINT (-76.56529669999999 42.9325653)
292,"110 Washington Ave, Endicott, New York, USA  13760", The North Brewery,/brewers/the-north-brewery/16496/,Microbrewery,2013,POINT (-76.0484979 42.1020024)
293,"TBA, TBA, New York, USA  TBA", The Perfect Crime,/brewers/the-perfect-crime/14576/,Client Brewer,2012,POINT (-73.966358 40.711123)
294,"123 W 45 St, New York, New York, USA  10036", The Perfect Pint,/brewers/the-perfect-pint/17828/,Microbrewery,2013,POINT (-73.9837397 40.7574076)
295,"23 Cinema Drive, Ithaca, New York, USA  14850", The Scale House Brewpub,/brewers/the-scale-house-brewpub/17795/,Brewpub,2013,POINT (-76.4776806 42.4795275)
296,"160 School St #4, Victor, New York, USA  14564", The VB Brewery,/brewers/the-vb-brewery/18661/,Microbrewery,2014,POINT (-77.4174232 42.98037679999999)
297,"492 Elmwood Ave, Buffalo, New York, USA  14222", Thin Man Brewery,/brewers/thin-man-brewery/28868/,Brewpub/Brewery,2016,POINT (-78.87741149999999 42.9103912)
298,"928 Broadway, New York, New York, USA  10010", Third Rail Beer,/brewers/third-rail-beer/20450/,Client Brewer,2014,POINT (-73.9891408 40.740032)
299,"186 Atlantic Avenue, Rochester, New York, USA  14607", Three Heads Brewing,/brewers/three-heads-brewing/12377/,Microbrewery,2010,POINT (-77.5794044 43.1564304)
300,"401 Lake Shore Drive, Canandaigua, New York, USA  14424", Three Huskies Brewing,/brewers/three-huskies-brewing/22556/,Brewpub,2015,POINT (-77.2523959 42.8722522)
301,"333 Douglass Street, Brooklyn, New York, USA  11217", Threes Brewing,/brewers/threes-brewing/21272/,Microbrewery,2014,POINT (-73.982271 40.6795172)
302,"303 State Rt11B, Dickinson Center, New York, USA  12930", Township 7 Brewing Co.,/brewers/township-7-brewing-co/26445/,Microbrewery,2016,POINT (-74.564032 44.748634)
303,"53-02 11th St, Long Island City, New York, USA  11101", Transmitter Brewing,/brewers/transmitter-brewing/19509/,Microbrewery,2014,POINT (-73.9526836 40.7402561)
304,"111 Parce Ave, Ste 3a-1, Fairport, New York, USA  14450", Triphammer Bierwerks,/brewers/triphammer-bierwerks/28579/,Microbrewery,2016,POINT (-77.44564930000001 43.1056012)
305,"335 Cornell Road, Stamford, New York, USA  12167", Tundra Brewery,/brewers/tundra-brewery/12854/,Microbrewery,2011,POINT (-74.54787879999999 42.4474634)
306,"211-A Main St, Farmingdale, New York, USA  11735", Tweaking Frog Brewing Company,/brewers/tweaking-frog-brewing-company/28604/,Client Brewer,2016,POINT (-73.44583009999999 40.734091)
307,"PO Box 492, Calverton, New York, USA  11933", Twin Fork Beer Company,/brewers/twin-fork-beer-company/24180/,Microbrewery,2015,POINT (-72.74343309999999 40.90648729999999)
308,"20 Pleasant Street, Canandaigua, New York, USA  14424", Twisted Rail Brewing Company,/brewers/twisted-rail-brewing-company/19502/,Brewpub/Brewery,2014,POINT (-77.278876 42.888371)
309,"5027 State Route 414, Burdett, New York, USA  14818", Two Goats Brewing Company,/brewers/two-goats-brewing-company/13354/,Brewpub,2011,POINT (-76.86896150000001 42.4770507)
310,"3028 Lake Rd,  Elmira, New York, USA  14903", Upstate Brewing Company,/brewers/upstate-brewing-company/14932/,Microbrewery,2012,POINT (-76.81182149999999 42.1332972)
311,"17 W Cayuga St , Oswego , New York, USA  13126", US Beer Brewers at The Cellar Door,/brewers/us-beer-brewers-at-the-cellar-door/29469/,Brewpub,2016,POINT (-76.512377 43.457973)
312,"49 Ohio Avenue, Plattsburgh, New York, USA  12903", Valcour Brewing Company,/brewers/valcour-brewing-company/27021/,Brewpub/Brewery,2016,POINT (-73.44611759999999 44.6828311)
313,"9322 Rt. 414, Lodi, New York, USA  14860", Wagner Valley Brewing Company,/brewers/wagner-valley-brewing-company/611/,Microbrewery,1997,POINT (-76.85795259999999 42.5721581)
314,"649 Morgan Avenue, Brooklyn, New York, USA  11222", War Flag Ales & Lagers,/brewers/war-flag-ales-lagers/23421/,Client Brewer,2015,POINT (-73.93989189999999 40.7266054)
315,"623 Lerch Road, Geneva, New York, USA  14456", War Horse Brewing Company,/brewers/war-horse-brewing-company/11027/,Microbrewery,2016,POINT (-76.924728 42.8226749)
316,"33 35th Street 6A, Brooklyn, New York, USA  11232", Wartega Brewing,/brewers/wartega-brewing/30494/,Microbrewery,2015,POINT (-74.0075161 40.6572748)
317,"168 Water Street, Binghamton , New York, USA  13901", Water Street Brewing Co.,/brewers/water-street-brewing-co/14183/,Brewpub,2012,POINT (-75.91411760000001 42.0993646)
318,"236 Schefflers Road, Westtown, New York, USA  10998", Westtown Brew Works,/brewers/westtown-brew-works/27154/,Microbrewery,2016,POINT (-74.53379559999999 41.3133245)
319,"115 Game Road, Syracuse, New York, USA  13210", Willow Rock Brewing Company,/brewers/willow-rock-brewing-company/25782/,Microbrewery,2016,POINT (-76.1318 43.012523)
320,"2305 West Glenville Road, Glenville, New York, USA  12010", Wolf Hollow Brewing Company,/brewers/wolf-hollow-brewing-company/19111/,Microbrewery,2014,POINT (-74.05520079999999 42.9287172)
321,"625 Mary Street, Clayton , New York, USA  13624", Wood Boat Brewery,/brewers/wood-boat-brewery/20889/,Brewpub,2014,POINT (-76.0875976 44.2383085)
322,"638 Lake Street, Wilson, New York, USA  14172", Woodcock Brothers Brewing Company,/brewers/woodcock-brothers-brewing-company/15735/,Brewpub,2012,POINT (-78.8255415 43.2981839)
323,"6002 Trenton Road, Utica, New York, USA  13502", Woodland Hop Farm & Fermentation,/brewers/woodland-hop-farm-fermentation/25776/,Microbrewery,2016,POINT (-75.21238699999999 43.150969)
324,"3 West Genesee St, Baldwinsville, New York, USA  13027", WT Brews,/brewers/wt-brews/22571/,Microbrewery,2014,POINT (-76.33307119999999 43.1584802)
325,"Albany Post Road, New Paltz, New York, USA  12561", Yard Owl Craft Brewery,/brewers/yard-owl-craft-brewery/18172/,Microbrewery,2013,POINT (-74.15396679999999 41.7167195)
326,"Yonkers, New York, USA", Yonkers Brewing Company,/brewers/yonkers-brewing-company/16860/,Client Brewer,2013,POINT (-73.89874689999999 40.9312099)
327,"3199 Albany Post Road, Suite 220, Buchanan, New York, USA  10511", #Freedom Craft Brewery,/brewers/freedom-craft-brewery/17970/,Microbrewery,2013,POINT (-73.9356068 41.2645348)
328,"508 Greenwich Street, New York City, New York, USA  10013", 508 Gastrobrewery,/brewers/508-gastrobrewery/13132/,Brewpub,2011,POINT (-74.00940229999999 40.7257239)
329,"34 West Main Street, Fredonia, New York, USA  14063", Barker Brew Company,/brewers/barker-brew-company/1562/,Microbrewery,2001,POINT (-79.3322258 42.439162)
330,"1652 County Highway 10, East Meredith, New York, USA  13757", BearKaat Brewery,/brewers/bearkaat-brewery/15144/,Brewpub/Brewery,2012,POINT (-74.932294 42.3829412)
331,"90 N. Pearl St, Albany, New York, USA  12207", Big House Brewing,/brewers/big-house-brewing/2380/,Brewpub,1996,POINT (-73.751091 42.6525613)
332,"411 Cornelia St. , Plattsburgh, New York, USA  12901", Bootleggers Brewpub,/brewers/bootleggers-brewpub/3474/,Brewpub,2003,POINT (-73.4887222 44.6967259)
333,"300 State Street, Rochester, New York, USA", Bru,/brewers/bru/4535/,Brewpub/Brewery,2004,POINT (-77.6176174 43.1606314)
334,"86 Bedford St., New York, New York, USA  10014", Chumleys,/brewers/chumleys/4163/,Brewpub/Brewery,2003,POINT (-74.00505889999999 40.7320946)
335,"P.O. Box 76, Bronx, New York, USA  10464", City Island Beer Company,/brewers/city-island-beer-company/16275/,Client Brewer,2013,POINT (-73.7977928 40.864318)
336,"869 E. Henrietta Road, Rochester, New York, USA  14623", Flour City Brewing Co.,/brewers/flour-city-brewing-co/4914/,Brewpub,2004,POINT (-77.61647499999999 43.103458)
337,"522 Dutchess Turnpike/RT 44, Poughkeepsie, New York, USA  12603", Gentleman Jims Bistro and Brewery,/brewers/gentleman-jims-bistro-and-brewery/2862/,Brewpub,1996,POINT (-73.8713288 41.7021277)
338,"418 Sixth Ave., New York, New York, USA  10011", Greenwich Brewing Co.,/brewers/greenwich-brewing-co/3034/,Brewpub,1995,POINT (-73.9990267 40.7340176)
339,"2093 Smithhaven Plaza, Lakegrove, New York, USA  11755", John Harvards Brewhouse Lake Grove,/brewers/john-harvards-brewhouse-lake-grove/8478/,Brewpub,2007,POINT (-73.130107 40.864913)
340,"220 Stonebridge Road, Schuylerville, New York, USA  12871", Kobors Brewing Co.,/brewers/kobors-brewing-co/604/,Brewpub,1994,POINT (-73.61178480000001 43.1602491)
341,"3650 James Street, Room 105, Syracuse, New York, USA  13206", Landmark Beer Company,/brewers/landmark-beer-company/11572/,Client Brewer,2010,POINT (-76.094303 43.068974)
342,"35 Patrick Lane, Poughkeepsie, New York, USA  12603", Last Stop Brewery,/brewers/last-stop-brewery/22814/,Microbrewery,2014,POINT (-73.86250799999999 41.681657)
343,"411 Route 3, Plattsburgh, New York, USA  12901", Legends Bistro,/brewers/legends-bistro/13518/,Brewpub,2011,POINT (-73.4887222 44.6967259)
344,"1100 Stewart Ave, Garden City, New York, USA  11530", Longshore Brewery & Pub,/brewers/longshore-brewery-pub/2501/,Brewpub,1996,POINT (-73.59266119999999 40.7352544)
345,"900 New Loudon, Latham, New York, USA  12110", Malt River Brewing,/brewers/malt-river-brewing/3039/,Brewpub,1993,POINT (-73.7578269 42.7574392)
346,"14 Philadelphia Street, Saratoga Springs, New York, USA  12866", Original Saratoga Springs Brewpub,/brewers/original-saratoga-springs-brewpub/2981/,Brewpub,1995,
347,"356 6th Ave., Brooklyn, New York, USA  11215", Park Slope Brewing Company,/brewers/park-slope-brewing-company/606/,Microbrewery,1993,POINT (-73.98185429999999 40.6705501)
348,"500 Newell Street, Watertown, New York, USA  13601", Red Lion Brew Pub & Restaurant,/brewers/red-lion-brew-pub-restaurant/3880/,Brewpub,2003,POINT (-75.917768 43.981443)
349,"222 Teall Avenue, Syracuse, New York, USA  13210", Relyea Brewing Company,/brewers/relyea-brewing-company/2286/,Microbrewery,1999,POINT (-76.12091529999999 43.0517125)
350,"237 Forest Hills Drive, Kingston, New York, USA  12401", Skytop Steak House and Brewing Company,/brewers/skytop-steak-house-and-brewing-company/6102/,Brewpub,2005,POINT (-74.04133299999999 41.9498483)
351,"826 Broadway, 6th floor, New York, New York, USA  10003", Spring Street Brewing Company,/brewers/spring-street-brewing-company/608/,Microbrewery,1993,POINT (-73.99089739999999 40.7332437)
352,"2911 Broadway, New York, New York, USA  10027", The West End,/brewers/the-west-end/5269/,Brewpub,2004,POINT (-73.9652868 40.8065639)
353,"160 W. 42nd St., New York, New York, USA  10036", Times Square Brewery,/brewers/times-square-brewery/4484/,Brewpub,2004,POINT (-73.98621490000001 40.7557275)
354,"22 E. 54th St., New York, New York, USA  10022", Typhoon Restaurant & Brewery,/brewers/typhoon-restaurant-brewery/1535/,Brewpub,1996,POINT (-73.974326 40.760342)
355,"237 Union Street, Schenectady, New York, USA  12305", Van Dyck Fine Food and Brewery,/brewers/van-dyck-fine-food-and-brewery/3468/,Brewpub,2003,POINT (-73.9431374 42.8165275)
356,"201 Arlington Ave., Staten Island, New York, USA  10303", Yankee Brewing Company,/brewers/yankee-brewing-company/647/,Microbrewery,1992,POINT (-74.1675187 40.6352422)
